Using the table training_sample, do the following
     *create a table students_summary with the below columns
          ->student_id
          ->student_name
          ->year
          ->percentage (got in annual exams)
          ->no_of_medals_received
    *Derive the values from the tables(students, marks and medals)    and insert into the above table
Use insert with select statement

mysql> select a.student_id,s.name,a.year,a.percentage,coalesce(no_of_medals,0) from(select student_id, year, sum(annual)/5 percentage from marks group by student_id,year) a left join (select student_id,year,count(*) no_of_medals from medals group by student_id,year) b on a.student_id=b.student_id and a.year=b.year inner join students s on a.student_id=s.id;+------------+-----------+------+------------+--------------------------+
| student_id | name      | year | percentage | coalesce(no_of_medals,0) |
+------------+-----------+------+------------+--------------------------+
|     100001 | vishal    | 2003 |    84.8000 |                        1 |
|     100001 | vishal    | 2004 |    61.8000 |                        0 |
|     100001 | vishal    | 2005 |    75.0000 |                        3 |
|     100001 | vishal    | 2006 |    59.2000 |                        0 |
|     100001 | vishal    | 2007 |    42.4000 |                        0 |
|     100002 | Hulk      | 2003 |    59.2000 |                        1 |
|     100002 | Hulk      | 2004 |    92.6000 |                        3 |
|     100002 | Hulk      | 2005 |    59.0000 |                        0 |
|     100002 | Hulk      | 2006 |    43.6000 |                        0 |
|     100002 | Hulk      | 2007 |    85.8000 |                        0 |
|     100003 | Daredevil | 2003 |    93.0000 |                        2 |
|     100003 | Daredevil | 2004 |    63.8000 |                        2 |
|     100003 | Daredevil | 2005 |    77.0000 |                        1 |
|     100003 | Daredevil | 2006 |    63.6000 |                        0 |
|     100003 | Daredevil | 2007 |    61.2000 |                        0 |
|     100004 | X Man     | 2003 |    52.2000 |                        0 |
|     100004 | X Man     | 2004 |    61.4000 |                        0 |
|     100004 | X Man     | 2005 |    62.4000 |                        0 |
|     100004 | X Man     | 2006 |    57.4000 |                        0 |
|     100004 | X Man     | 2007 |    70.8000 |                        0 |
|     100005 | Ironman   | 2003 |    64.6000 |                        0 |
|     100005 | Ironman   | 2004 |    57.4000 |                        0 |
|     100005 | Ironman   | 2005 |    57.4000 |                        0 |
|     100005 | Ironman   | 2006 |    64.0000 |                        0 |
|     100005 | Ironman   | 2007 |    82.4000 |                        0 |
+------------+-----------+------+------------+--------------------------+
25 rows in set (0.00 sec)





mysql> create table student_summary(student_id varchar(20),student_name varchar(100),year int(11),percentage numeric(5,4),no_of_medals_received int(11));
Query OK, 0 rows affected (0.12 sec)




mysql> insert into student_summary(student_id,student_name,year,percentage,no_of_medals_received) (select a.student_id,s.name,a.year,a.percentage,coalesce(no_of_medals,0) from(select student_id, year, sum(annual)/5 percentage from marks group by student_id,year) a left join (select student_id,year,count(*) no_of_medals from medals group by student_id,year) b on a.student_id=b.student_id and a.year=b.year inner join students s on a.student_id=s.id);
Query OK, 25 rows affected, 25 warnings (0.08 sec)
Records: 25  Duplicates: 0  Warnings:

*****************triggers************************


  *Add a column average to the table marks. Write a trigger to calculate the average marks for the subject whenever any insert/update happens in the columns quarterly, half_yearly and annual in the table 'marks'.

  alter table add column average numeric(4,2);


mysql> create trigger update_avg before insert on marks
    -> for each row
    -> begin
    -> set new.average=(new.quarterly+new.half_yearly+new.annual)/3;
    -> end;
    -> //
Query OK, 0 rows affected (0.09 sec)


mysql>  INSERT INTO `marks`(student_id,subject_id,quarterly,half_yearly,annual,year,grade) VALUES (100001,1,90,79,91,2014,6);//
Query OK, 1 row affected (0.05 sec)

mysql> select * from marks;
    -> //
+------+------------+------------+-----------+-------------+--------+------+-------+---------------------+---------------------+---------+
| id   | student_id | subject_id | quarterly | half_yearly | annual | year | grade | created_at          | updated_at          | average |
+------+------------+------------+-----------+-------------+--------+------+-------+---------------------+---------------------+---------+
| 1001 |     100001 |          1 |         0 |          79 |     91 | 2003 |     6 | 0000-00-00 00:00:00 | 0000-00-00 00:00:00 |    NULL |
| 1002 |     100002 |          1 |        35 |          49 |     77 | 2003 |     6 | 0000-00-00 00:00:00 | 0000-00-00 00:00:00 |    NULL |
| 1003 |     100003 |          1 |       100 |          97 |     95 | 2003 |     6 | 0000-00-00 00:00:00 | 0000-00-00 00:00:00 |    NULL |
| 1004 |     100004 |          1 |        38 |          38 |     65 | 2003 |     6 | 0000-00-00 00:00:00 | 0000-00-00 00:00:00 |    NULL |
| 1005 |     100005 |          1 |        73 |          40 |    100 | 2003 |     6 | 0000-00-00 00:00:00 | 2015-12-10 12:25:32 |   12.22 |
| 1006 |     100001 |          2 |         0 |          30 |     76 | 2003 |     6 | 0000-00-00 00:00:00 | 0000-00-00 00:00:00 |    NULL |
| 1007 |     100002 |          2 |        37 |          45 |     87 | 2003 |     6 | 0000-00-00 00:00:00 | 0000-00-00 00:00:00 |    NULL |
| 1008 |     100003 |          2 |        93 |          91 |     98 | 2003 |     6 | 0000-00-00 00:00:00 | 0000-00-00 00:00:00 |    NULL |
| 1009 |     100004 |          2 |        93 |          59 |     63 | 2003 |     6 | 0000-00-00 00:00:00 | 0000-00-00 00:00:00 |    NULL |
| 1010 |     100005 |          2 |        34 |          89 |     45 | 2003 |     6 | 0000-00-00 00:00:00 | 2015-12-10 12:25:32 |   12.22 |
| 1011 |     100001 |          3 |         0 |          86 |     89 | 2003 |     6 | 0000-00-00 00:00:00 | 0000-00-00 00:00:00 |    NULL |
| 1012 |     100002 |          3 |        46 |          76 |     48 | 2003 |     6 | 0000-00-00 00:00:00 | 0000-00-00 00:00:00 |    NULL |
| 1013 |     100003 |          3 |        46 |           0 |     83 | 2003 |     6 | 0000-00-00 00:00:00 | 0000-00-00 00:00:00 |    NULL |
| 1014 |     100004 |          3 |        71 |          74 |     31 | 2003 |     6 | 0000-00-00 00:00:00 | 0000-00-00 00:00:00 |    NULL |
| 1015 |     100005 |          3 |        34 |          54 |     36 | 2003 |     6 | 0000-00-00 00:00:00 | 2015-12-10 12:25:32 |   12.22 |
| 1016 |     100001 |          4 |         0 |           0 |     80 | 2003 |     6 | 0000-00-00 00:00:00 | 0000-00-00 00:00:00 |    NULL |
| 1017 |     100002 |          4 |        52 |          43 |     31 | 2003 |     6 | 0000-00-00 00:00:00 | 0000-00-00 00:00:00 |    NULL |
| 1018 |     100003 |          4 |        91 |          95 |     99 | 2003 |     6 | 0000-00-00 00:00:00 | 0000-00-00 00:00:00 |    NULL |
| 1019 |     100004 |          4 |        46 |          76 |     39 | 2003 |     6 | 0000-00-00 00:00:00 | 0000-00-00 00:00:00 |    NULL |
| 1020 |     100005 |          4 |        80 |          41 |     94 | 2003 |     6 | 0000-00-00 00:00:00 | 2015-12-10 12:25:32 |   12.22 |
| 1021 |     100001 |          5 |         0 |          31 |     88 | 2003 |     6 | 0000-00-00 00:00:00 | 0000-00-00 00:00:00 |    NULL |
| 1022 |     100002 |          5 |        33 |          44 |     53 | 2003 |     6 | 0000-00-00 00:00:00 | 0000-00-00 00:00:00 |    NULL |
| 1023 |     100003 |          5 |        98 |          92 |     90 | 2003 |     6 | 0000-00-00 00:00:00 | 0000-00-00 00:00:00 |    NULL |
| 1024 |     100004 |          5 |        52 |          63 |     63 | 2003 |     6 | 0000-00-00 00:00:00 | 0000-00-00 00:00:00 |    NULL |
| 1025 |     100005 |          5 |        56 |          60 |     48 | 2003 |     6 | 0000-00-00 00:00:00 | 2015-12-10 12:25:32 |   12.22 |
| 1026 |     100001 |          1 |        59 |          34 |     57 | 2004 |     7 | 0000-00-00 00:00:00 | 0000-00-00 00:00:00 |    NULL |
| 1027 |     100002 |          1 |        47 |          37 |     94 | 2004 |     7 | 0000-00-00 00:00:00 | 0000-00-00 00:00:00 |    NULL |
| 1028 |     100003 |          1 |        47 |          80 |     97 | 2004 |     7 | 0000-00-00 00:00:00 | 0000-00-00 00:00:00 |    NULL |
| 1029 |     100004 |          1 |        89 |          43 |     68 | 2004 |     7 | 0000-00-00 00:00:00 | 0000-00-00 00:00:00 |    NULL |
| 1030 |     100005 |          1 |        72 |          82 |     47 | 2004 |     7 | 0000-00-00 00:00:00 | 2015-12-10 12:25:32 |   12.22 |
| 1031 |     100001 |          2 |        44 |          54 |     31 | 2004 |     7 | 0000-00-00 00:00:00 | 0000-00-00 00:00:00 |    NULL |
| 1032 |     100002 |          2 |        85 |          96 |     89 | 2004 |     7 | 0000-00-00 00:00:00 | 0000-00-00 00:00:00 |    NULL |
| 1033 |     100003 |          2 |        84 |          63 |     57 | 2004 |     7 | 0000-00-00 00:00:00 | 0000-00-00 00:00:00 |    NULL |
| 1034 |     100004 |          2 |        83 |          97 |     53 | 2004 |     7 | 0000-00-00 00:00:00 | 0000-00-00 00:00:00 |    NULL |
| 1035 |     100005 |          2 |        53 |          30 |     80 | 2004 |     7 | 0000-00-00 00:00:00 | 2015-12-10 12:25:32 |   12.22 |
| 1036 |     100001 |          3 |        44 |          90 |     54 | 2004 |     7 | 0000-00-00 00:00:00 | 0000-00-00 00:00:00 |    NULL |
| 1037 |     100002 |          3 |        53 |          36 |     87 | 2004 |     7 | 0000-00-00 00:00:00 | 0000-00-00 00:00:00 |    NULL |
| 1038 |     100003 |          3 |        64 |          55 |     39 | 2004 |     7 | 0000-00-00 00:00:00 | 0000-00-00 00:00:00 |    NULL |
| 1039 |     100004 |          3 |        95 |          36 |     54 | 2004 |     7 | 0000-00-00 00:00:00 | 0000-00-00 00:00:00 |    NULL |
| 1040 |     100005 |          3 |        66 |          87 |     37 | 2004 |     7 | 0000-00-00 00:00:00 | 2015-12-10 12:25:32 |   12.22 |
| 1041 |     100001 |          4 |        31 |          65 |     69 | 2004 |     7 | 0000-00-00 00:00:00 | 0000-00-00 00:00:00 |    NULL |
| 1042 |     100002 |          4 |        98 |          30 |     94 | 2004 |     7 | 0000-00-00 00:00:00 | 0000-00-00 00:00:00 |    NULL |
| 1043 |     100003 |          4 |        43 |          60 |     83 | 2004 |     7 | 0000-00-00 00:00:00 | 0000-00-00 00:00:00 |    NULL |
| 1044 |     100004 |          4 |        76 |          79 |     40 | 2004 |     7 | 0000-00-00 00:00:00 | 0000-00-00 00:00:00 |    NULL |
| 1045 |     100005 |          4 |        66 |          43 |     75 | 2004 |     7 | 0000-00-00 00:00:00 | 2015-12-10 12:25:32 |   12.22 |
| 1046 |     100001 |          5 |        58 |          51 |     98 | 2004 |     7 | 0000-00-00 00:00:00 | 0000-00-00 00:00:00 |    NULL |
| 1047 |     100002 |          5 |        41 |          92 |     99 | 2004 |     7 | 0000-00-00 00:00:00 | 0000-00-00 00:00:00 |    NULL |
| 1048 |     100003 |          5 |        86 |          56 |     43 | 2004 |     7 | 0000-00-00 00:00:00 | 0000-00-00 00:00:00 |    NULL |
| 1049 |     100004 |          5 |        35 |          90 |     92 | 2004 |     7 | 0000-00-00 00:00:00 | 0000-00-00 00:00:00 |    NULL |
| 1050 |     100005 |          5 |        36 |          35 |     48 | 2004 |     7 | 0000-00-00 00:00:00 | 2015-12-10 12:25:32 |   12.22 |
| 1051 |     100001 |          1 |        96 |          57 |     94 | 2005 |     8 | 0000-00-00 00:00:00 | 0000-00-00 00:00:00 |    NULL |
| 1052 |     100002 |          1 |        68 |          41 |     50 | 2005 |     8 | 0000-00-00 00:00:00 | 0000-00-00 00:00:00 |    NULL |
| 1053 |     100003 |          1 |        60 |          83 |     73 | 2005 |     8 | 0000-00-00 00:00:00 | 0000-00-00 00:00:00 |    NULL |
| 1054 |     100004 |          1 |        53 |          81 |     97 | 2005 |     8 | 0000-00-00 00:00:00 | 0000-00-00 00:00:00 |    NULL |
| 1055 |     100005 |          1 |        64 |          81 |     39 | 2005 |     8 | 0000-00-00 00:00:00 | 2015-12-10 12:25:32 |   12.22 |
| 1056 |     100001 |          2 |        77 |          82 |     36 | 2005 |     8 | 0000-00-00 00:00:00 | 0000-00-00 00:00:00 |    NULL |
| 1057 |     100002 |          2 |        73 |          57 |     52 | 2005 |     8 | 0000-00-00 00:00:00 | 0000-00-00 00:00:00 |    NULL |
| 1058 |     100003 |          2 |        38 |          35 |     81 | 2005 |     8 | 0000-00-00 00:00:00 | 0000-00-00 00:00:00 |    NULL |
| 1059 |     100004 |          2 |        69 |          46 |     44 | 2005 |     8 | 0000-00-00 00:00:00 | 0000-00-00 00:00:00 |    NULL |
| 1060 |     100005 |          2 |        35 |          95 |     39 | 2005 |     8 | 0000-00-00 00:00:00 | 2015-12-10 12:25:32 |   12.22 |
| 1061 |     100001 |          3 |        32 |          70 |     58 | 2005 |     8 | 0000-00-00 00:00:00 | 0000-00-00 00:00:00 |    NULL |
| 1062 |     100002 |          3 |        43 |          48 |     65 | 2005 |     8 | 0000-00-00 00:00:00 | 0000-00-00 00:00:00 |    NULL |
| 1063 |     100003 |          3 |        81 |          38 |     90 | 2005 |     8 | 0000-00-00 00:00:00 | 0000-00-00 00:00:00 |    NULL |
| 1064 |     100004 |          3 |        88 |          90 |     92 | 2005 |     8 | 0000-00-00 00:00:00 | 0000-00-00 00:00:00 |    NULL |
| 1065 |     100005 |          3 |        34 |          95 |     76 | 2005 |     8 | 0000-00-00 00:00:00 | 2015-12-10 12:25:32 |   12.22 |
| 1066 |     100001 |          4 |        64 |          69 |     87 | 2005 |     8 | 0000-00-00 00:00:00 | 0000-00-00 00:00:00 |    NULL |
| 1067 |     100002 |          4 |        62 |          38 |     95 | 2005 |     8 | 0000-00-00 00:00:00 | 0000-00-00 00:00:00 |    NULL |
| 1068 |     100003 |          4 |        79 |          49 |     86 | 2005 |     8 | 0000-00-00 00:00:00 | 0000-00-00 00:00:00 |    NULL |
| 1069 |     100004 |          4 |        68 |          33 |     33 | 2005 |     8 | 0000-00-00 00:00:00 | 0000-00-00 00:00:00 |    NULL |
| 1070 |     100005 |          4 |        72 |          39 |     84 | 2005 |     8 | 0000-00-00 00:00:00 | 2015-12-10 12:25:32 |   12.22 |
| 1071 |     100001 |          5 |        65 |          77 |    100 | 2005 |     8 | 0000-00-00 00:00:00 | 0000-00-00 00:00:00 |    NULL |
| 1072 |     100002 |          5 |        82 |          90 |     33 | 2005 |     8 | 0000-00-00 00:00:00 | 0000-00-00 00:00:00 |    NULL |
| 1073 |     100003 |          5 |        76 |          44 |     55 | 2005 |     8 | 0000-00-00 00:00:00 | 0000-00-00 00:00:00 |    NULL |
| 1074 |     100004 |          5 |        96 |          76 |     46 | 2005 |     8 | 0000-00-00 00:00:00 | 0000-00-00 00:00:00 |    NULL |
| 1075 |     100005 |          5 |        50 |          75 |     49 | 2005 |     8 | 0000-00-00 00:00:00 | 2015-12-10 12:25:32 |   12.22 |
| 1076 |     100001 |          1 |        67 |          84 |     51 | 2006 |     9 | 0000-00-00 00:00:00 | 0000-00-00 00:00:00 |    NULL |
| 1077 |     100002 |          1 |        63 |          68 |     46 | 2006 |     9 | 0000-00-00 00:00:00 | 0000-00-00 00:00:00 |    NULL |
| 1078 |     100003 |          1 |        89 |          96 |     31 | 2006 |     9 | 0000-00-00 00:00:00 | 0000-00-00 00:00:00 |    NULL |
| 1079 |     100004 |          1 |        86 |          74 |     82 | 2006 |     9 | 0000-00-00 00:00:00 | 0000-00-00 00:00:00 |    NULL |
| 1080 |     100005 |          1 |        91 |          49 |     70 | 2006 |     9 | 0000-00-00 00:00:00 | 2015-12-10 12:25:32 |   12.22 |
| 1081 |     100001 |          2 |        65 |          90 |     67 | 2006 |     9 | 0000-00-00 00:00:00 | 0000-00-00 00:00:00 |    NULL |
| 1082 |     100002 |          2 |        77 |          38 |     75 | 2006 |     9 | 0000-00-00 00:00:00 | 0000-00-00 00:00:00 |    NULL |
| 1083 |     100003 |          2 |       100 |          99 |     95 | 2006 |     9 | 0000-00-00 00:00:00 | 0000-00-00 00:00:00 |    NULL |
| 1084 |     100004 |          2 |       100 |          37 |     40 | 2006 |     9 | 0000-00-00 00:00:00 | 0000-00-00 00:00:00 |    NULL |
| 1085 |     100005 |          2 |        85 |          69 |     37 | 2006 |     9 | 0000-00-00 00:00:00 | 2015-12-10 12:25:32 |   12.22 |
| 1086 |     100001 |          3 |         0 |           0 |     32 | 2006 |     9 | 0000-00-00 00:00:00 | 0000-00-00 00:00:00 |    NULL |
| 1087 |     100002 |          3 |        98 |          34 |     31 | 2006 |     9 | 0000-00-00 00:00:00 | 0000-00-00 00:00:00 |    NULL |
| 1088 |     100003 |          3 |        65 |          83 |     36 | 2006 |     9 | 0000-00-00 00:00:00 | 0000-00-00 00:00:00 |    NULL |
| 1089 |     100004 |          3 |        82 |          75 |     67 | 2006 |     9 | 0000-00-00 00:00:00 | 0000-00-00 00:00:00 |    NULL |
| 1090 |     100005 |          3 |        93 |          78 |     39 | 2006 |     9 | 0000-00-00 00:00:00 | 2015-12-10 12:25:32 |   12.22 |
| 1091 |     100001 |          4 |        83 |          75 |     59 | 2006 |     9 | 0000-00-00 00:00:00 | 0000-00-00 00:00:00 |    NULL |
| 1092 |     100002 |          4 |        81 |          56 |     30 | 2006 |     9 | 0000-00-00 00:00:00 | 0000-00-00 00:00:00 |    NULL |
| 1093 |     100003 |          4 |        94 |          60 |     68 | 2006 |     9 | 0000-00-00 00:00:00 | 0000-00-00 00:00:00 |    NULL |
| 1094 |     100004 |          4 |        59 |          92 |     47 | 2006 |     9 | 0000-00-00 00:00:00 | 0000-00-00 00:00:00 |    NULL |
| 1095 |     100005 |          4 |        76 |          82 |     83 | 2006 |     9 | 0000-00-00 00:00:00 | 2015-12-10 12:25:32 |   12.22 |
| 1096 |     100001 |          5 |        73 |          70 |     87 | 2006 |     9 | 0000-00-00 00:00:00 | 0000-00-00 00:00:00 |    NULL |
| 1097 |     100002 |          5 |        50 |          52 |     36 | 2006 |     9 | 0000-00-00 00:00:00 | 0000-00-00 00:00:00 |    NULL |
| 1098 |     100003 |          5 |        57 |          96 |     88 | 2006 |     9 | 0000-00-00 00:00:00 | 0000-00-00 00:00:00 |    NULL |
| 1099 |     100004 |          5 |        54 |          77 |     51 | 2006 |     9 | 0000-00-00 00:00:00 | 0000-00-00 00:00:00 |    NULL |
| 1100 |     100005 |          5 |        86 |          66 |     91 | 2006 |     9 | 0000-00-00 00:00:00 | 2015-12-10 12:25:32 |   12.22 |
| 1101 |     100001 |          1 |         0 |           0 |      0 | 2007 |    10 | 0000-00-00 00:00:00 | 0000-00-00 00:00:00 |    NULL |
| 1102 |     100002 |          1 |        93 |          31 |     79 | 2007 |    10 | 0000-00-00 00:00:00 | 0000-00-00 00:00:00 |    NULL |
| 1103 |     100003 |          1 |        81 |          92 |     69 | 2007 |    10 | 0000-00-00 00:00:00 | 0000-00-00 00:00:00 |    NULL |
| 1104 |     100004 |          1 |        32 |          31 |     76 | 2007 |    10 | 0000-00-00 00:00:00 | 0000-00-00 00:00:00 |    NULL |
| 1105 |     100005 |          1 |        82 |          65 |     87 | 2007 |    10 | 0000-00-00 00:00:00 | 2015-12-10 12:25:32 |   12.22 |
| 1106 |     100001 |          2 |        62 |          80 |     36 | 2007 |    10 | 0000-00-00 00:00:00 | 0000-00-00 00:00:00 |    NULL |
| 1107 |     100002 |          2 |        34 |          49 |     87 | 2007 |    10 | 0000-00-00 00:00:00 | 0000-00-00 00:00:00 |    NULL |
| 1108 |     100003 |          2 |        95 |          89 |     89 | 2007 |    10 | 0000-00-00 00:00:00 | 0000-00-00 00:00:00 |    NULL |
| 1109 |     100004 |          2 |        50 |          46 |     76 | 2007 |    10 | 0000-00-00 00:00:00 | 0000-00-00 00:00:00 |    NULL |
| 1110 |     100005 |          2 |        86 |          87 |     84 | 2007 |    10 | 0000-00-00 00:00:00 | 2015-12-10 12:25:32 |   12.22 |
| 1111 |     100001 |          3 |        91 |          64 |     80 | 2007 |    10 | 0000-00-00 00:00:00 | 0000-00-00 00:00:00 |    NULL |
| 1112 |     100002 |          3 |        52 |          60 |     94 | 2007 |    10 | 0000-00-00 00:00:00 | 0000-00-00 00:00:00 |    NULL |
| 1113 |     100003 |          3 |        50 |          81 |     58 | 2007 |    10 | 0000-00-00 00:00:00 | 0000-00-00 00:00:00 |    NULL |
| 1114 |     100004 |          3 |        65 |          39 |     46 | 2007 |    10 | 0000-00-00 00:00:00 | 0000-00-00 00:00:00 |    NULL |
| 1115 |     100005 |          3 |        44 |          79 |     91 | 2007 |    10 | 0000-00-00 00:00:00 | 2015-12-10 12:25:32 |   12.22 |
| 1116 |     100001 |          4 |        55 |          96 |     55 | 2007 |    10 | 0000-00-00 00:00:00 | 0000-00-00 00:00:00 |    NULL |
| 1117 |     100002 |          4 |        82 |          67 |     94 | 2007 |    10 | 0000-00-00 00:00:00 | 0000-00-00 00:00:00 |    NULL |
| 1118 |     100003 |          4 |        85 |          76 |     47 | 2007 |    10 | 0000-00-00 00:00:00 | 0000-00-00 00:00:00 |    NULL |
| 1119 |     100004 |          4 |        79 |          89 |     89 | 2007 |    10 | 0000-00-00 00:00:00 | 0000-00-00 00:00:00 |    NULL |
| 1120 |     100005 |          4 |        72 |          56 |     57 | 2007 |    10 | 0000-00-00 00:00:00 | 2015-12-10 12:25:32 |   12.22 |
| 1121 |     100001 |          5 |        93 |          52 |     41 | 2007 |    10 | 0000-00-00 00:00:00 | 0000-00-00 00:00:00 |    NULL |
| 1122 |     100002 |          5 |        42 |          63 |     75 | 2007 |    10 | 0000-00-00 00:00:00 | 0000-00-00 00:00:00 |    NULL |
| 1123 |     100003 |          5 |        88 |          31 |     43 | 2007 |    10 | 0000-00-00 00:00:00 | 0000-00-00 00:00:00 |    NULL |
| 1124 |     100004 |          5 |        57 |          36 |     67 | 2007 |    10 | 0000-00-00 00:00:00 | 0000-00-00 00:00:00 |    NULL |
| 1125 |     100005 |          5 |        87 |          99 |     93 | 2007 |    10 | 0000-00-00 00:00:00 | 2015-12-10 12:25:32 |   12.22 |
| 1127 |     100001 |          1 |        80 |          79 |     91 | 2013 |     6 | 0000-00-00 00:00:00 | 2015-12-10 13:13:51 |   99.99 |
| 1128 |     100001 |          1 |        90 |          79 |     91 | 2014 |     6 | 0000-00-00 00:00:00 | 2015-12-10 13:20:34 |   86.67 |
+------+------------+------------+-----------+-------------+--------+------+-------+---------------------+---------------------+---------+
127 rows in set (0.00 sec)




 *Rename the column name from medal_won to medal_received in the table medals.

   ##Add a column medal_received to the table medals.

mysql> alter table medals add column medal_received varchar(10) default null;
    -> //
Query OK, 13 rows affected (0.33 sec)
Records: 13  Duplicates: 0  Warnings: 0




   ## Write a trigger to copy the values to both the columns(medal_won  and medal_received) whenever any of these columns inserted/updated.
    
 mysql>  create trigger copy_medal BEFORE INSERT ON medals
    -> FOR EACH ROW
    -> BEGIN
    ->     IF new.medal_won is NULL THEN
    ->          SET new.medal_won = new.medal_received;
    ->     ELSE
    ->          SET new.medal_received = new.medal_won;
    ->     END IF;
    -> END;
    -> //
Query OK, 0 rows affected (0.06 sec)

    


     ->Drop the column medal_won.

