use student;

DROP TABLE IF EXISTS `students`;
/*!40101 SET @saved_cs_client     = @@character_set_client */;
/*!40101 SET character_set_client = utf8 */;
CREATE TABLE `students` (
  `id` bigint(19) NOT NULL AUTO_INCREMENT,
  `name` varchar(100) DEFAULT NULL,
  PRIMARY KEY (`id`)
) ENGINE=InnoDB AUTO_INCREMENT=100007 DEFAULT CHARSET=latin1;
/*!40101 SET character_set_client = @saved_cs_client */;

--
-- Dumping data for table `students`
--

LOCK TABLES `students` WRITE;
/*!40000 ALTER TABLE `students` DISABLE KEYS */;
INSERT INTO `students` VALUES (100001,'Thor'),(100002,'Hulk'),(100003,'Daredevil'),(100004,'X Man'),(100005,'Ironman'),(100006,'Quicksilver');
/*!40000 ALTER TABLE `students` ENABLE KEYS */;
UNLOCK TABLES;


DROP TABLE IF EXISTS `marks`;
/*!40101 SET @saved_cs_client     = @@character_set_client */;
/*!40101 SET character_set_client = utf8 */;
CREATE TABLE `marks` (
  `id` bigint(19) NOT NULL AUTO_INCREMENT,
  `student_id` bigint(19) NOT NULL,
  `subject_id` bigint(19) NOT NULL,
  `quarterly` int(11) DEFAULT NULL,
  `half_yearly` int(11) DEFAULT NULL,
  `annual` int(11) DEFAULT NULL,
  `year` int(11) DEFAULT NULL,
  `grade` int(11) DEFAULT NULL,
  PRIMARY KEY (`id`),
  KEY `fk_marks_student_id` (`student_id`),
  CONSTRAINT `fk_marks_student_id` FOREIGN KEY (`student_id`) REFERENCES `students` (`id`) ON DELETE CASCADE
) ENGINE=InnoDB AUTO_INCREMENT=1126 DEFAULT CHARSET=latin1;
/*!40101 SET character_set_client = @saved_cs_client */;

--
-- Dumping data for table `marks`
--

LOCK TABLES `marks` WRITE;
/*!40000 ALTER TABLE `marks` DISABLE KEYS */;
INSERT INTO `marks` VALUES (1001,100001,1,NULL,79,91,2003,6),(1002,100002,1,35,49,77,2003,6),(1003,100003,1,100,97,95,2003,6),(1004,100004,1,38,38,65,2003,6),(1005,100005,1,73,40,100,2003,6),(1006,100001,2,NULL,30,76,2003,6),(1007,100002,2,37,45,87,2003,6),(1008,100003,2,93,91,98,2003,6),(1009,100004,2,93,59,63,2003,6),(1010,100005,2,34,89,45,2003,6),(1011,100001,3,NULL,86,89,2003,6),(1012,100002,3,46,76,48,2003,6),(1013,100003,3,46,NULL,83,2003,6),(1014,100004,3,71,74,31,2003,6),(1015,100005,3,34,54,36,2003,6),(1016,100001,4,NULL,NULL,80,2003,6),(1017,100002,4,52,43,31,2003,6),(1018,100003,4,91,95,99,2003,6),(1019,100004,4,46,76,39,2003,6),(1020,100005,4,80,41,94,2003,6),(1021,100001,5,NULL,31,88,2003,6),(1022,100002,5,33,44,53,2003,6),(1023,100003,5,98,92,90,2003,6),(1024,100004,5,52,63,63,2003,6),(1025,100005,5,56,60,48,2003,6),(1026,100001,1,59,34,57,2004,7),(1027,100002,1,47,37,94,2004,7),(1028,100003,1,47,80,97,2004,7),(1029,100004,1,89,43,68,2004,7),(1030,100005,1,72,82,47,2004,7),(1031,100001,2,44,54,31,2004,7),(1032,100002,2,85,96,89,2004,7),(1033,100003,2,84,63,57,2004,7),(1034,100004,2,83,97,53,2004,7),(1035,100005,2,53,30,80,2004,7),(1036,100001,3,44,90,54,2004,7),(1037,100002,3,53,36,87,2004,7),(1038,100003,3,64,55,39,2004,7),(1039,100004,3,95,36,54,2004,7),(1040,100005,3,66,87,37,2004,7),(1041,100001,4,31,65,69,2004,7),(1042,100002,4,98,30,94,2004,7),(1043,100003,4,43,60,83,2004,7),(1044,100004,4,76,79,40,2004,7),(1045,100005,4,66,43,75,2004,7),(1046,100001,5,58,51,98,2004,7),(1047,100002,5,41,92,99,2004,7),(1048,100003,5,86,56,43,2004,7),(1049,100004,5,35,90,92,2004,7),(1050,100005,5,36,35,48,2004,7),(1051,100001,1,96,57,94,2005,8),(1052,100002,1,68,41,50,2005,8),(1053,100003,1,60,83,73,2005,8),(1054,100004,1,53,81,97,2005,8),(1055,100005,1,64,81,39,2005,8),(1056,100001,2,77,82,36,2005,8),(1057,100002,2,73,57,52,2005,8),(1058,100003,2,38,35,81,2005,8),(1059,100004,2,69,46,44,2005,8),(1060,100005,2,35,95,39,2005,8),(1061,100001,3,32,70,58,2005,8),(1062,100002,3,43,48,65,2005,8),(1063,100003,3,81,38,90,2005,8),(1064,100004,3,88,90,92,2005,8),(1065,100005,3,34,95,76,2005,8),(1066,100001,4,64,69,87,2005,8),(1067,100002,4,62,38,95,2005,8),(1068,100003,4,79,49,86,2005,8),(1069,100004,4,68,33,33,2005,8),(1070,100005,4,72,39,84,2005,8),(1071,100001,5,65,77,100,2005,8),(1072,100002,5,82,90,33,2005,8),(1073,100003,5,76,44,55,2005,8),(1074,100004,5,96,76,46,2005,8),(1075,100005,5,50,75,49,2005,8),(1076,100001,1,67,84,51,2006,9),(1077,100002,1,63,68,46,2006,9),(1078,100003,1,89,96,31,2006,9),(1079,100004,1,86,74,82,2006,9),(1080,100005,1,91,49,70,2006,9),(1081,100001,2,65,90,67,2006,9),(1082,100002,2,77,38,75,2006,9),(1083,100003,2,100,99,95,2006,9),(1084,100004,2,100,37,40,2006,9),(1085,100005,2,85,69,37,2006,9),(1086,100001,3,NULL,NULL,32,2006,9),(1087,100002,3,98,34,31,2006,9),(1088,100003,3,65,83,36,2006,9),(1089,100004,3,82,75,67,2006,9),(1090,100005,3,93,78,39,2006,9),(1091,100001,4,83,75,59,2006,9),(1092,100002,4,81,56,30,2006,9),(1093,100003,4,94,60,68,2006,9),(1094,100004,4,59,92,47,2006,9),(1095,100005,4,76,82,83,2006,9),(1096,100001,5,73,70,87,2006,9),(1097,100002,5,50,52,36,2006,9),(1098,100003,5,57,96,88,2006,9),(1099,100004,5,54,77,51,2006,9),(1100,100005,5,86,66,91,2006,9),(1101,100001,1,NULL,NULL,NULL,2007,10),(1102,100002,1,93,31,79,2007,10),(1103,100003,1,81,92,69,2007,10),(1104,100004,1,32,31,76,2007,10),(1105,100005,1,82,65,87,2007,10),(1106,100001,2,62,80,36,2007,10),(1107,100002,2,34,49,87,2007,10),(1108,100003,2,95,89,89,2007,10),(1109,100004,2,50,46,76,2007,10),(1110,100005,2,86,87,84,2007,10),(1111,100001,3,91,64,80,2007,10),(1112,100002,3,52,60,94,2007,10),(1113,100003,3,50,81,58,2007,10),(1114,100004,3,65,39,46,2007,10),(1115,100005,3,44,79,91,2007,10),(1116,100001,4,55,96,55,2007,10),(1117,100002,4,82,67,94,2007,10),(1118,100003,4,85,76,47,2007,10),(1119,100004,4,79,89,89,2007,10),(1120,100005,4,72,56,57,2007,10),(1121,100001,5,93,52,41,2007,10),(1122,100002,5,42,63,75,2007,10),(1123,100003,5,88,31,43,2007,10),(1124,100004,5,57,36,67,2007,10),(1125,100005,5,87,99,93,2007,10);
/*!40000 ALTER TABLE `marks` ENABLE KEYS */;
UNLOCK TABLES;

--
-- Table structure for table `medals`
--

DROP TABLE IF EXISTS `medals`;
/*!40101 SET @saved_cs_client     = @@character_set_client */;
/*!40101 SET character_set_client = utf8 */;
CREATE TABLE `medals` (
  `id` bigint(19) NOT NULL AUTO_INCREMENT,
  `student_id` bigint(19) NOT NULL,
  `game_id` bigint(19) NOT NULL,
  `medal_won` varchar(10) DEFAULT NULL,
  `year` int(11) DEFAULT NULL,
  `grade` int(11) DEFAULT NULL,
  PRIMARY KEY (`id`),
  KEY `fk_medals_student_id` (`student_id`),
  CONSTRAINT `fk_medals_student_id` FOREIGN KEY (`student_id`) REFERENCES `students` (`id`) ON DELETE CASCADE
) ENGINE=InnoDB AUTO_INCREMENT=114 DEFAULT CHARSET=latin1;
/*!40101 SET character_set_client = @saved_cs_client */;

--
-- Dumping data for table `medals`
--

LOCK TABLES `medals` WRITE;
/*!40000 ALTER TABLE `medals` DISABLE KEYS */;
INSERT INTO `medals` VALUES (101,100003,5,'gold',2003,6),(102,100001,5,'silver',2003,6),(103,100002,4,'silver',2003,6),(104,100003,1,'gold',2003,6),(105,100003,3,'bronze',2004,7),(106,100003,4,'silver',2004,7),(107,100002,2,'silver',2004,7),(108,100002,4,'bronze',2004,7),(109,100002,5,'gold',2004,7),(110,100003,3,'bronze',2005,8),(111,100001,2,'gold',2005,8),(112,100001,3,'bronze',2005,8),(113,100001,4,'bronze',2005,8);
/*!40000 ALTER TABLE `medals` ENABLE KEYS */;
UNLOCK TABLES;






Queries that uses “students” table:

 1. Select all the students
        
 mysql> select * from students;
+--------+-------------+
| id     | name        |
+--------+-------------+
| 100001 | Thor        |
| 100002 | Hulk        |
| 100003 | Daredevil   |
| 100004 | X Man       |
| 100005 | Ironman     |
| 100006 | Quicksilver |
+--------+-------------+
6 rows in set (0.00 sec)




 2. Select all the students whose names starts with “H”
  mysql> select * from students where name like 'H%';
+--------+------+
| id     | name |
+--------+------+
| 100002 | Hulk |
+--------+------+
1 row in set (0.00 sec)


 3. Select all the students whose name has the alphabet “a”

mysql> select * from students where name like '%a%';
+--------+-----------+
| id     | name      |
+--------+-----------+
| 100003 | Daredevil |
| 100004 | X Man     |
| 100005 | Ironman   |
+--------+-----------+
3 rows in set (0.00 sec)


 3. Select all the students and list the results sorted in alphabetical order(a-z).
  
mysql> select * from students order by name;
+--------+-------------+
| id     | name        |
+--------+-------------+
| 100003 | Daredevil   |
| 100002 | Hulk        |
| 100005 | Ironman     |
| 100006 | Quicksilver |
| 100001 | Thor        |
| 100004 | X Man       |
+--------+-------------+
6 rows in set (0.00 sec)


4. List the first “2” students with the results sorted in the alphabetical order(a-z).
mysql> select * from students order by name limit 2;
+--------+-----------+
| id     | name      |
+--------+-----------+
| 100003 | Daredevil |
| 100002 | Hulk      |
+--------+-----------+
2 rows in set (0.00 sec)



5List the next “2” students(3rd and 4th) when they are sorted in the alphabetical order.

mysql> select * from students order by name limit 2,2;
+--------+-------------+
| id     | name        |
+--------+-------------+
| 100005 | Ironman     |
| 100006 | Quicksilver |
+--------+-------------+
2 rows in set (0.00 sec)










Queries that uses “marks” table:

1. Select the students who has not appeared in the annual exams.
Format: All columns of the “marks” table.
mysql> select * from marks where annual is NULL;
+------+------------+------------+-----------+-------------+--------+------+-------+
| id   | student_id | subject_id | quarterly | half_yearly | annual | year | grade |
+------+------------+------------+-----------+-------------+--------+------+-------+
| 1101 |     100001 |          1 |      NULL |        NULL |   NULL | 2007 |    10 |
+------+------------+------------+-----------+-------------+--------+------+-------+
1 row in set (0.00 sec)




2. Select the students who has not appeared in the annual exams during the year “2005”.
Format: student_id, subject_id, year

mysql> select student_id,subject_id, year from marks where annual is NULL and year='2005';
Empty set (0.00 sec)


3. Select the students who has appeared in one of the exams - quarterly, half_yearly or annual.
Format: student_id, subject_id, year

mysql> select student_id,subject_id, year from marks where quarterly is not NULL or half_yearly is not NULL or year is not NULL;
+------------+------------+------+
| student_id | subject_id | year |
+------------+------------+------+
|     100001 |          1 | 2003 |
|     100002 |          1 | 2003 |
|     100003 |          1 | 2003 |
|     100004 |          1 | 2003 |
|     100005 |          1 | 2003 |
|     100001 |          2 | 2003 |
|     100002 |          2 | 2003 |
|     100003 |          2 | 2003 |
|     100004 |          2 | 2003 |
|     100005 |          2 | 2003 |
|     100001 |          3 | 2003 |
|     100002 |          3 | 2003 |
|     100003 |          3 | 2003 |
|     100004 |          3 | 2003 |
|     100005 |          3 | 2003 |
|     100001 |          4 | 2003 |
|     100002 |          4 | 2003 |
|     100003 |          4 | 2003 |
|     100004 |          4 | 2003 |
|     100005 |          4 | 2003 |
|     100001 |          5 | 2003 |
|     100002 |          5 | 2003 |
|     100003 |          5 | 2003 |
|     100004 |          5 | 2003 |
|     100005 |          5 | 2003 |
|     100001 |          1 | 2004 |
|     100002 |          1 | 2004 |
|     100003 |          1 | 2004 |
|     100004 |          1 | 2004 |
|     100005 |          1 | 2004 |
|     100001 |          2 | 2004 |
|     100002 |          2 | 2004 |
|     100003 |          2 | 2004 |
|     100004 |          2 | 2004 |
|     100005 |          2 | 2004 |
|     100001 |          3 | 2004 |
|     100002 |          3 | 2004 |
|     100003 |          3 | 2004 |
|     100004 |          3 | 2004 |
|     100005 |          3 | 2004 |
|     100001 |          4 | 2004 |
|     100002 |          4 | 2004 |
|     100003 |          4 | 2004 |
|     100004 |          4 | 2004 |
|     100005 |          4 | 2004 |
|     100001 |          5 | 2004 |
|     100002 |          5 | 2004 |
|     100003 |          5 | 2004 |
|     100004 |          5 | 2004 |
|     100005 |          5 | 2004 |
|     100001 |          1 | 2005 |
|     100002 |          1 | 2005 |
|     100003 |          1 | 2005 |
|     100004 |          1 | 2005 |
|     100005 |          1 | 2005 |
|     100001 |          2 | 2005 |
|     100002 |          2 | 2005 |
|     100003 |          2 | 2005 |
|     100004 |          2 | 2005 |
|     100005 |          2 | 2005 |
|     100001 |          3 | 2005 |
|     100002 |          3 | 2005 |
|     100003 |          3 | 2005 |
|     100004 |          3 | 2005 |
|     100005 |          3 | 2005 |
|     100001 |          4 | 2005 |
|     100002 |          4 | 2005 |
|     100003 |          4 | 2005 |
|     100004 |          4 | 2005 |
|     100005 |          4 | 2005 |
|     100001 |          5 | 2005 |
|     100002 |          5 | 2005 |
|     100003 |          5 | 2005 |
|     100004 |          5 | 2005 |
|     100005 |          5 | 2005 |
|     100001 |          1 | 2006 |
|     100002 |          1 | 2006 |
|     100003 |          1 | 2006 |
|     100004 |          1 | 2006 |
|     100005 |          1 | 2006 |
|     100001 |          2 | 2006 |
|     100002 |          2 | 2006 |
|     100003 |          2 | 2006 |
|     100004 |          2 | 2006 |
|     100005 |          2 | 2006 |
|     100001 |          3 | 2006 |
|     100002 |          3 | 2006 |
|     100003 |          3 | 2006 |
|     100004 |          3 | 2006 |
|     100005 |          3 | 2006 |
|     100001 |          4 | 2006 |
|     100002 |          4 | 2006 |
|     100003 |          4 | 2006 |
|     100004 |          4 | 2006 |
|     100005 |          4 | 2006 |
|     100001 |          5 | 2006 |
|     100002 |          5 | 2006 |
|     100003 |          5 | 2006 |
|     100004 |          5 | 2006 |
|     100005 |          5 | 2006 |
|     100001 |          1 | 2007 |
|     100002 |          1 | 2007 |
|     100003 |          1 | 2007 |
|     100004 |          1 | 2007 |
|     100005 |          1 | 2007 |
|     100001 |          2 | 2007 |
|     100002 |          2 | 2007 |
|     100003 |          2 | 2007 |
|     100004 |          2 | 2007 |
|     100005 |          2 | 2007 |
|     100001 |          3 | 2007 |
|     100002 |          3 | 2007 |
|     100003 |          3 | 2007 |
|     100004 |          3 | 2007 |
|     100005 |          3 | 2007 |
|     100001 |          4 | 2007 |
|     100002 |          4 | 2007 |
|     100003 |          4 | 2007 |
|     100004 |          4 | 2007 |
|     100005 |          4 | 2007 |
|     100001 |          5 | 2007 |
|     100002 |          5 | 2007 |
|     100003 |          5 | 2007 |
|     100004 |          5 | 2007 |
|     100005 |          5 | 2007 |
+------------+------------+------+
125 rows in set (0.00 sec)


4. Select the students who has scored more than 90 in all the exams - quarterly, half_yearly and annual.
Format: student_id, subject_id, year, quarterly, half_yearly, annual

mysql>  select student_id,subject_id, year,quarterly,half_yearly,annual from marks where quarterly >90 and half_yearly>90 and annual>90;
+------------+------------+------+-----------+-------------+--------+
| student_id | subject_id | year | quarterly | half_yearly | annual |
+------------+------------+------+-----------+-------------+--------+
|     100003 |          1 | 2003 |       100 |          97 |     95 |
|     100003 |          2 | 2003 |        93 |          91 |     98 |
|     100003 |          4 | 2003 |        91 |          95 |     99 |
|     100003 |          2 | 2006 |       100 |          99 |     95 |
+------------+------------+------+-----------+-------------+--------+
4 rows in set (0.00 sec)


5. List the average marks(in quarterly, half_yearly & annual) for each subject scored for the year.
Format: student_id, subject_id, average, year

mysql> select student_id,subject_id,sum(quarterly+half_yearly+annual)/3  average,year from marks group by student_id,subject_id,year;
+------------+------------+---------+------+
| student_id | subject_id | average | year |
+------------+------------+---------+------+
|     100001 |          1 |    NULL | 2003 |
|     100001 |          1 | 50.0000 | 2004 |
|     100001 |          1 | 82.3333 | 2005 |
|     100001 |          1 | 67.3333 | 2006 |
|     100001 |          1 |    NULL | 2007 |
|     100001 |          2 |    NULL | 2003 |
|     100001 |          2 | 43.0000 | 2004 |
|     100001 |          2 | 65.0000 | 2005 |
|     100001 |          2 | 74.0000 | 2006 |
|     100001 |          2 | 59.3333 | 2007 |
|     100001 |          3 |    NULL | 2003 |
|     100001 |          3 | 62.6667 | 2004 |
|     100001 |          3 | 53.3333 | 2005 |
|     100001 |          3 |    NULL | 2006 |
|     100001 |          3 | 78.3333 | 2007 |
|     100001 |          4 |    NULL | 2003 |
|     100001 |          4 | 55.0000 | 2004 |
|     100001 |          4 | 73.3333 | 2005 |
|     100001 |          4 | 72.3333 | 2006 |
|     100001 |          4 | 68.6667 | 2007 |
|     100001 |          5 |    NULL | 2003 |
|     100001 |          5 | 69.0000 | 2004 |
|     100001 |          5 | 80.6667 | 2005 |
|     100001 |          5 | 76.6667 | 2006 |
|     100001 |          5 | 62.0000 | 2007 |
|     100002 |          1 | 53.6667 | 2003 |
|     100002 |          1 | 59.3333 | 2004 |
|     100002 |          1 | 53.0000 | 2005 |
|     100002 |          1 | 59.0000 | 2006 |
|     100002 |          1 | 67.6667 | 2007 |
|     100002 |          2 | 56.3333 | 2003 |
|     100002 |          2 | 90.0000 | 2004 |
|     100002 |          2 | 60.6667 | 2005 |
|     100002 |          2 | 63.3333 | 2006 |
|     100002 |          2 | 56.6667 | 2007 |
|     100002 |          3 | 56.6667 | 2003 |
|     100002 |          3 | 58.6667 | 2004 |
|     100002 |          3 | 52.0000 | 2005 |
|     100002 |          3 | 54.3333 | 2006 |
|     100002 |          3 | 68.6667 | 2007 |
|     100002 |          4 | 42.0000 | 2003 |
|     100002 |          4 | 74.0000 | 2004 |
|     100002 |          4 | 65.0000 | 2005 |
|     100002 |          4 | 55.6667 | 2006 |
|     100002 |          4 | 81.0000 | 2007 |
|     100002 |          5 | 43.3333 | 2003 |
|     100002 |          5 | 77.3333 | 2004 |
|     100002 |          5 | 68.3333 | 2005 |

|     100002 |          5 | 60.0000 | 2007 |
|     100003 |          1 | 97.3333 | 2003 |
|     100003 |          1 | 74.6667 | 2004 |
|     100003 |          1 | 72.0000 | 2005 |
|     100003 |          1 | 72.0000 | 2006 |
|     100003 |          1 | 80.6667 | 2007 |
|     100003 |          2 | 94.0000 | 2003 |
|     100003 |          2 | 68.0000 | 2004 |
|     100003 |          2 | 51.3333 | 2005 |
|     100003 |          2 | 98.0000 | 2006 |
|     100003 |          2 | 91.0000 | 2007 |
|     100003 |          3 |    NULL | 2003 |
|     100003 |          3 | 52.6667 | 2004 |
|     100003 |          3 | 69.6667 | 2005 |
|     100003 |          3 | 61.3333 | 2006 |
|     100003 |          3 | 63.0000 | 2007 |
|     100003 |          4 | 95.0000 | 2003 |
|     100003 |          4 | 62.0000 | 2004 |
|     100003 |          4 | 71.3333 | 2005 |
|     100003 |          4 | 74.0000 | 2006 |
|     100003 |          4 | 69.3333 | 2007 |
|     100003 |          5 | 93.3333 | 2003 |
|     100003 |          5 | 61.6667 | 2004 |
|     100003 |          5 | 58.3333 | 2005 |
|     100003 |          5 | 80.3333 | 2006 |
|     100003 |          5 | 54.0000 | 2007 |
|     100004 |          1 | 47.0000 | 2003 |
|     100004 |          1 | 66.6667 | 2004 |
|     100004 |          1 | 77.0000 | 2005 |
|     100004 |          1 | 80.6667 | 2006 |
|     100004 |          1 | 46.3333 | 2007 |
|     100004 |          2 | 71.6667 | 2003 |
|     100004 |          2 | 77.6667 | 2004 |
|     100004 |          2 | 53.0000 | 2005 |
|     100004 |          2 | 59.0000 | 2006 |
|     100004 |          2 | 57.3333 | 2007 |
|     100004 |          3 | 58.6667 | 2003 |
|     100004 |          3 | 61.6667 | 2004 |
|     100004 |          3 | 90.0000 | 2005 |
|     100004 |          3 | 74.6667 | 2006 |
|     100004 |          3 | 50.0000 | 2007 |
|     100004 |          4 | 53.6667 | 2003 |
|     100004 |          4 | 65.0000 | 2004 |
|     100004 |          4 | 44.6667 | 2005 |
|     100004 |          4 | 66.0000 | 2006 |
|     100004 |          4 | 85.6667 | 2007 |
|     100004 |          5 | 59.3333 | 2003 |
|     100004 |          5 | 72.3333 | 2004 |
|     100004 |          5 | 72.6667 | 2005 |
|     100004 |          5 | 60.6667 | 2006 |
|     100004 |          5 | 53.3333 | 2007 |
|     100005 |          1 | 71.0000 | 2003 |
|     100005 |          1 | 67.0000 | 2004 |
|     100005 |          1 | 61.3333 | 2005 |
|     100005 |          1 | 70.0000 | 2006 |
|     100005 |          1 | 78.0000 | 2007 |
|     100005 |          2 | 56.0000 | 2003 |
|     100005 |          2 | 54.3333 | 2004 |
|     100005 |          2 | 56.3333 | 2005 |
|     100005 |          2 | 63.6667 | 2006 |
|     100005 |          2 | 85.6667 | 2007 |
|     100005 |          3 | 41.3333 | 2003 |
|     100005 |          3 | 63.3333 | 2004 |
|     100005 |          3 | 68.3333 | 2005 |
|     100005 |          3 | 70.0000 | 2006 |
|     100005 |          3 | 71.3333 | 2007 |
|     100005 |          4 | 71.6667 | 2003 |
|     100005 |          4 | 61.3333 | 2004 |
|     100005 |          4 | 65.0000 | 2005 |
|     100005 |          4 | 80.3333 | 2006 |
|     100005 |          4 | 61.6667 | 2007 |
|     100005 |          5 | 54.6667 | 2003 |
|     100005 |          5 | 39.6667 | 2004 |
|     100005 |          5 | 58.0000 | 2005 |
|     100005 |          5 | 81.0000 | 2006 |
|     100005 |          5 | 93.0000 | 2007 |
+------------+------------+---------+------+
125 rows in set (0.00 sec)



6. List the average marks(in quarterly, half_yearly & annual) for each subject scored for the years 2003 & 2004
Format: student_id, subject_id, average, year

mysql> select student_id,subject_id,sum(quarterly+half_yearly+annual)/3  average,year from marks where year in('2003','2004') group by student_id,subject_id,year;
+------------+------------+---------+------+
| student_id | subject_id | average | year |
+------------+------------+---------+------+
|     100001 |          1 |    NULL | 2003 |
|     100001 |          1 | 50.0000 | 2004 |
|     100001 |          2 |    NULL | 2003 |
|     100001 |          2 | 43.0000 | 2004 |
|     100001 |          3 |    NULL | 2003 |
|     100001 |          3 | 62.6667 | 2004 |
|     100001 |          4 |    NULL | 2003 |
|     100001 |          4 | 55.0000 | 2004 |
|     100001 |          5 |    NULL | 2003 |
|     100001 |          5 | 69.0000 | 2004 |
|     100002 |          1 | 53.6667 | 2003 |
|     100002 |          1 | 59.3333 | 2004 |
|     100002 |          2 | 56.3333 | 2003 |
|     100002 |          2 | 90.0000 | 2004 |
|     100002 |          3 | 56.6667 | 2003 |
|     100002 |          3 | 58.6667 | 2004 |
|     100002 |          4 | 42.0000 | 2003 |
|     100002 |          4 | 74.0000 | 2004 |
|     100002 |          5 | 43.3333 | 2003 |
|     100002 |          5 | 77.3333 | 2004 |
|     100003 |          1 | 97.3333 | 2003 |
|     100003 |          1 | 74.6667 | 2004 |
|     100003 |          2 | 94.0000 | 2003 |
|     100003 |          2 | 68.0000 | 2004 |
|     100003 |          3 |    NULL | 2003 |
|     100003 |          3 | 52.6667 | 2004 |
|     100003 |          4 | 95.0000 | 2003 |
|     100003 |          4 | 62.0000 | 2004 |
|     100003 |          5 | 93.3333 | 2003 |
|     100003 |          5 | 61.6667 | 2004 |
|     100004 |          1 | 47.0000 | 2003 |
|     100004 |          1 | 66.6667 | 2004 |
|     100004 |          2 | 71.6667 | 2003 |
|     100004 |          2 | 77.6667 | 2004 |
|     100004 |          3 | 58.6667 | 2003 |
|     100004 |          3 | 61.6667 | 2004 |
|     100004 |          4 | 53.6667 | 2003 |
|     100004 |          4 | 65.0000 | 2004 |
|     100004 |          5 | 59.3333 | 2003 |
|     100004 |          5 | 72.3333 | 2004 |
|     100005 |          1 | 71.0000 | 2003 |
|     100005 |          1 | 67.0000 | 2004 |
|     100005 |          2 | 56.0000 | 2003 |
|     100005 |          2 | 54.3333 | 2004 |
|     100005 |          3 | 41.3333 | 2003 |
|     100005 |          3 | 63.3333 | 2004 |
|     100005 |          4 | 71.6667 | 2003 |
|     100005 |          4 | 61.3333 | 2004 |
|     100005 |          5 | 54.6667 | 2003 |
|     100005 |          5 | 39.6667 | 2004 |
+------------+------------+---------+------+
50 rows in set (0.00 sec)




